<?xml version='1.0' encoding='utf-8'?>
<API><Entidade nome="Categoria"><Endpoint><Metodo>GET</Metodo><Rota>/categorias</Rota><Descricao>Listar todas</Descricao><Entrada>-</Entrada><Saida>Lista de categorias</Saida></Endpoint><Endpoint><Metodo>GET</Metodo><Rota>/categorias/:id</Rota><Descricao>Buscar uma categoria pelo ID</Descricao><Entrada>-</Entrada><Saida>Objeto da categoria</Saida></Endpoint><Endpoint><Metodo>POST</Metodo><Rota>/categorias</Rota><Descricao>Criar nova categoria</Descricao><Entrada>{ "nome": "Curso profissionalizante" }</Entrada><Saida>Categoria criada</Saida></Endpoint><Endpoint><Metodo>PUT</Metodo><Rota>/categorias/:id</Rota><Descricao>Editar categoria existente</Descricao><Entrada>{ "nome": "Mutirão de serviços" }</Entrada><Saida>Categoria atualizada</Saida></Endpoint><Endpoint><Metodo>DELETE</Metodo><Rota>/categorias/:id</Rota><Descricao>Remover categoria</Descricao><Entrada>-</Entrada><Saida>Mensagem de sucesso ou erro</Saida></Endpoint></Entidade><Entidade nome="Instituicao"><Endpoint><Metodo>GET</Metodo><Rota>/instituicoes</Rota><Descricao>Listar todas</Descricao><Entrada>-</Entrada><Saida>Lista de instituições</Saida></Endpoint><Endpoint><Metodo>GET</Metodo><Rota>/instituicoes/:id</Rota><Descricao>Buscar uma instituição pelo ID</Descricao><Entrada>-</Entrada><Saida>Objeto da instituição</Saida></Endpoint><Endpoint><Metodo>POST</Metodo><Rota>/instituicoes</Rota><Descricao>Criar nova instituição</Descricao><Entrada>{ "nome": "ONG Esperança", "email": "contato@ong.org", "telefone": "99999-9999" }</Entrada><Saida>Instituição criada</Saida></Endpoint><Endpoint><Metodo>PUT</Metodo><Rota>/instituicoes/:id</Rota><Descricao>Editar instituição</Descricao><Entrada>{ "nome": "Nova ONG", "email": "...", "telefone": "..." }</Entrada><Saida>Instituição atualizada</Saida></Endpoint><Endpoint><Metodo>DELETE</Metodo><Rota>/instituicoes/:id</Rota><Descricao>Remover instituição</Descricao><Entrada>-</Entrada><Saida>Mensagem de sucesso ou erro</Saida></Endpoint></Entidade><Entidade nome="Oportunidade"><Endpoint><Metodo>GET</Metodo><Rota>/oportunidades</Rota><Descricao>Listar todas</Descricao><Entrada>-</Entrada><Saida>Lista de oportunidades</Saida></Endpoint><Endpoint><Metodo>GET</Metodo><Rota>/oportunidades/:id</Rota><Descricao>Buscar uma oportunidade</Descricao><Entrada>-</Entrada><Saida>Objeto da oportunidade</Saida></Endpoint><Endpoint><Metodo>POST</Metodo><Rota>/oportunidades</Rota><Descricao>Criar nova oportunidade</Descricao><Entrada>{ "titulo": "Curso de costura", "descricao": "...", "data_inicio": "...", "data_fim": "...", "categoria_id": 1, "instituicao_id": 2 }</Entrada><Saida>Oportunidade criada</Saida></Endpoint><Endpoint><Metodo>PUT</Metodo><Rota>/oportunidades/:id</Rota><Descricao>Editar oportunidade</Descricao><Entrada>{ "titulo": "Novo título", ... }</Entrada><Saida>Oportunidade atualizada</Saida></Endpoint><Endpoint><Metodo>DELETE</Metodo><Rota>/oportunidades/:id</Rota><Descricao>Remover oportunidade</Descricao><Entrada>-</Entrada><Saida>Mensagem de sucesso ou erro</Saida></Endpoint></Entidade><Entidade nome="PessoaInteressada"><Endpoint><Metodo>GET</Metodo><Rota>/pessoas</Rota><Descricao>Listar todas</Descricao><Entrada>-</Entrada><Saida>Lista de pessoas interessadas</Saida></Endpoint><Endpoint><Metodo>GET</Metodo><Rota>/pessoas/:id</Rota><Descricao>Buscar uma pessoa</Descricao><Entrada>-</Entrada><Saida>Objeto da pessoa</Saida></Endpoint><Endpoint><Metodo>POST</Metodo><Rota>/pessoas</Rota><Descricao>Cadastrar nova pessoa</Descricao><Entrada>{ "nome": "João", "email": "joao@email.com", "telefone": "9999-9999" }</Entrada><Saida>Pessoa cadastrada</Saida></Endpoint><Endpoint><Metodo>PUT</Metodo><Rota>/pessoas/:id</Rota><Descricao>Editar pessoa</Descricao><Entrada>{ "nome": "João Silva", ... }</Entrada><Saida>Pessoa atualizada</Saida></Endpoint><Endpoint><Metodo>DELETE</Metodo><Rota>/pessoas/:id</Rota><Descricao>Remover pessoa</Descricao><Entrada>-</Entrada><Saida>Mensagem de sucesso ou erro</Saida></Endpoint></Entidade><Entidade nome="Interesse"><Endpoint><Metodo>GET</Metodo><Rota>/interesses</Rota><Descricao>Listar todos</Descricao><Entrada>-</Entrada><Saida>Lista de interesses</Saida></Endpoint><Endpoint><Metodo>GET</Metodo><Rota>/interesses/:id</Rota><Descricao>Buscar interesse por ID</Descricao><Entrada>-</Entrada><Saida>Objeto do interesse</Saida></Endpoint><Endpoint><Metodo>POST</Metodo><Rota>/interesses</Rota><Descricao>Cadastrar interesse</Descricao><Entrada>{ "pessoa_id": 1, "oportunidade_id": 3 }</Entrada><Saida>Interesse cadastrado</Saida></Endpoint><Endpoint><Metodo>DELETE</Metodo><Rota>/interesses/:id</Rota><Descricao>Remover interesse</Descricao><Entrada>-</Entrada><Saida>Mensagem de sucesso ou erro</Saida></Endpoint></Entidade></API>