<?xml version="1.0"?>
<?mso-application progid="Excel.Sheet"?>
<Workbook xmlns="urn:schemas-microsoft-com:office:spreadsheet"
 xmlns:o="urn:schemas-microsoft-com:office:office"
 xmlns:x="urn:schemas-microsoft-com:office:excel"
 xmlns:ss="urn:schemas-microsoft-com:office:spreadsheet"
 xmlns:html="http://www.w3.org/TR/REC-html40">
 <DocumentProperties xmlns="urn:schemas-microsoft-com:office:office">
  <Author>Leandro</Author>
  <LastAuthor>Leandro Mota Leal</LastAuthor>
  <Created>2025-10-21T02:49:42Z</Created>
  <Version>16.00</Version>
 </DocumentProperties>
 <OfficeDocumentSettings xmlns="urn:schemas-microsoft-com:office:office">
  <AllowPNG/>
 </OfficeDocumentSettings>
 <ExcelWorkbook xmlns="urn:schemas-microsoft-com:office:excel">
  <WindowHeight>13125</WindowHeight>
  <WindowWidth>30720</WindowWidth>
  <WindowTopX>32767</WindowTopX>
  <WindowTopY>32767</WindowTopY>
  <ProtectStructure>False</ProtectStructure>
  <ProtectWindows>False</ProtectWindows>
 </ExcelWorkbook>
 <Styles>
  <Style ss:ID="Default" ss:Name="Normal">
   <Alignment ss:Vertical="Bottom"/>
   <Borders/>
   <Font ss:FontName="Aptos Narrow" x:Family="Swiss" ss:Size="11"
    ss:Color="#000000"/>
   <Interior/>
   <NumberFormat/>
   <Protection/>
  </Style>
  <Style ss:ID="s67">
   <Alignment ss:Horizontal="Center" ss:Vertical="Center" ss:WrapText="1"/>
  </Style>
  <Style ss:ID="s71">
   <Alignment ss:Horizontal="Center" ss:Vertical="Center" ss:WrapText="1"/>
   <Borders>
    <Border ss:Position="Bottom" ss:LineStyle="Continuous" ss:Weight="1"/>
    <Border ss:Position="Left" ss:LineStyle="Continuous" ss:Weight="1"/>
    <Border ss:Position="Right" ss:LineStyle="Continuous" ss:Weight="1"/>
    <Border ss:Position="Top" ss:LineStyle="Continuous" ss:Weight="1"/>
   </Borders>
  </Style>
  <Style ss:ID="s73">
   <Alignment ss:Horizontal="Center" ss:Vertical="Center" ss:WrapText="1"/>
   <Borders>
    <Border ss:Position="Bottom" ss:LineStyle="Continuous" ss:Weight="1"/>
    <Border ss:Position="Left" ss:LineStyle="Continuous" ss:Weight="1"/>
    <Border ss:Position="Right" ss:LineStyle="Continuous" ss:Weight="1"/>
    <Border ss:Position="Top" ss:LineStyle="Continuous" ss:Weight="1"/>
   </Borders>
   <Font ss:FontName="Aptos Narrow" x:Family="Swiss" ss:Size="11"
    ss:Color="#000000" ss:Bold="1"/>
  </Style>
  <Style ss:ID="s74">
   <Alignment ss:Horizontal="Center" ss:Vertical="Center" ss:WrapText="1"/>
   <Font ss:FontName="Aptos Narrow" x:Family="Swiss" ss:Size="11"
    ss:Color="#000000" ss:Bold="1"/>
  </Style>
  <Style ss:ID="s77">
   <Alignment ss:Horizontal="Center" ss:Vertical="Center" ss:WrapText="1"/>
   <Borders>
    <Border ss:Position="Bottom" ss:LineStyle="Continuous" ss:Weight="1"/>
    <Border ss:Position="Left" ss:LineStyle="Continuous" ss:Weight="1"/>
    <Border ss:Position="Right" ss:LineStyle="Continuous" ss:Weight="1"/>
    <Border ss:Position="Top" ss:LineStyle="Continuous" ss:Weight="1"/>
   </Borders>
   <Font ss:FontName="Aptos Narrow" x:Family="Swiss" ss:Size="11"
    ss:Color="#000000" ss:Bold="1"/>
   <NumberFormat ss:Format="Short Date"/>
  </Style>
  <Style ss:ID="s78">
   <Alignment ss:Horizontal="Center" ss:Vertical="Center" ss:WrapText="1"/>
   <Font ss:FontName="Aptos Narrow" x:Family="Swiss" ss:Size="11"
    ss:Color="#000000" ss:Underline="Single"/>
  </Style>
 </Styles>
 <Worksheet ss:Name="Timesheet_Projeto_Extens_o_-_20">
  <Table ss:ExpandedColumnCount="7" ss:ExpandedRowCount="86" x:FullColumns="1"
   x:FullRows="1" ss:StyleID="s67" ss:DefaultColumnWidth="51"
   ss:DefaultRowHeight="14.25">
   <Column ss:StyleID="s73" ss:Width="55.875"/>
   <Column ss:StyleID="s71" ss:AutoFitWidth="0" ss:Width="220.125"/>
   <Column ss:StyleID="s71" ss:AutoFitWidth="0" ss:Width="152.25"/>
   <Column ss:StyleID="s71" ss:AutoFitWidth="0" ss:Width="68.625"/>
   <Row ss:Height="28.5" ss:StyleID="s74">
    <Cell ss:StyleID="s73"><Data ss:Type="String">DATAS</Data></Cell>
    <Cell ss:StyleID="s73"><Data ss:Type="String">ATIVIDADES</Data></Cell>
    <Cell ss:StyleID="s73"><Data ss:Type="String">TIPO DE ATIVIDADE</Data></Cell>
    <Cell ss:StyleID="s73"><Data ss:Type="String">HORAS GASTAS</Data></Cell>
   </Row>
   <Row ss:Height="28.5">
    <Cell ss:StyleID="s77"><Data ss:Type="DateTime">2025-07-28T00:00:00.000</Data></Cell>
    <Cell><Data ss:Type="String">Definição do projeto, escopo, entidades. Organização do Trello.</Data></Cell>
    <Cell><Data ss:Type="String">Planejamento e Modelagem</Data></Cell>
    <Cell><Data ss:Type="Number">2</Data></Cell>
   </Row>
   <Row ss:Height="85.5">
    <Cell ss:StyleID="s77"><Data ss:Type="DateTime">2025-08-06T00:00:00.000</Data></Cell>
    <Cell><Data ss:Type="String">Definição e documentação dos endpoints das entidades:Categoria, Instituicao, Oportunidade, PessoaInteressada e Interesse.Geração de tabela em .docx e documentação em .xml com estrutura detalhada dos métodos, rotas, entradas e saídas.</Data></Cell>
    <Cell><Data ss:Type="String">Análise Técnica e Documentação</Data></Cell>
    <Cell><Data ss:Type="Number">3</Data></Cell>
   </Row>
   <Row ss:Height="99.75">
    <Cell ss:StyleID="s77"><Data ss:Type="DateTime">2025-08-08T00:00:00.000</Data></Cell>
    <Cell><Data ss:Type="String"> Criação e teste das tabelas categoria, instituicao, oportunidade, pessoa_interessada e interesse, incluindo chaves primárias, estrangeiras, constraints e índices. Inserção de dados de teste e validação dos relacionamentos no SQLiteStudio/SQLStudio. Geração de diagrama ER.</Data></Cell>
    <Cell><Data ss:Type="String">Modelagem de Banco de Dados e Implementação Técnica</Data></Cell>
    <Cell><Data ss:Type="Number">3</Data></Cell>
   </Row>
   <Row ss:Height="156.75">
    <Cell ss:StyleID="s77"><Data ss:Type="DateTime">2025-08-23T00:00:00.000</Data></Cell>
    <Cell><Data ss:Type="String">Configuração inicial do ambiente do projeto. Criação da pasta do projeto api-oportunidades, inicialização do Node.js com npm init, instalação das dependências principais (express, sqlite3, dotenv, nodemon). Estruturação das pastas base (src/controllers, src/routes, src/database, src/middlewares). Implementação do arquivo server.js e conexão simples com o banco SQLite através do módulo db.js. Teste de rotas básicas no navegador/Insomnia (/ e /teste-db).</Data></Cell>
    <Cell><Data ss:Type="String">Infraestrutura e Configuração de Ambiente</Data></Cell>
    <Cell><Data ss:Type="Number">2</Data></Cell>
    <Cell ss:Index="7" ss:StyleID="s78"/>
   </Row>
   <Row ss:Height="99.75">
    <Cell ss:StyleID="s77"><Data ss:Type="DateTime">2025-08-25T00:00:00.000</Data></Cell>
    <Cell><Data ss:Type="String">Migração/validação do banco no SQLite. Verificação do esquema (PRAGMA table_info / foreign_key_list), criação de índices com IF NOT EXISTS, normalização de seeds com INSERT OR IGNORE. Criação de script de seed via Node (scripts/seed.js) e execução para garantir ambiente reprodutível.</Data></Cell>
    <Cell><Data ss:Type="String">Modelagem de Banco de Dados e Implementação Técnica</Data></Cell>
    <Cell><Data ss:Type="Number">3</Data></Cell>
   </Row>
   <Row ss:Height="199.5">
    <Cell ss:StyleID="s77"><Data ss:Type="DateTime">2025-08-27T00:00:00.000</Data></Cell>
    <Cell><Data ss:Type="String">Validação da integridade referencial do banco e atualização do modelo ER. Foi habilitada a verificação de chaves estrangeiras (PRAGMA foreign_keys = ON) e confirmada a ativação. Realizado teste de CASCADE, onde a exclusão de um registro em pessoa_interessada removeu automaticamente o vínculo em interesse. Testado também o RESTRICT, impedindo a exclusão de uma categoria que ainda possuía oportunidades vinculadas. Por fim, o diagrama ER foi atualizado no dbdiagram.io, com todas as entidades, atributos, tipos de dados, constraints, enums e relacionamentos, servindo como documentação visual do modelo.</Data></Cell>
    <Cell><Data ss:Type="String">Análise Técnica e Modelagem</Data></Cell>
    <Cell><Data ss:Type="Number">2</Data></Cell>
   </Row>
   <Row ss:Height="28.5">
    <Cell ss:StyleID="s77"><Data ss:Type="DateTime">2025-10-07T00:00:00.000</Data></Cell>
    <Cell><Data ss:Type="String">Implementar CRUD de Categorias (controller, rota, db, teste de API)</Data></Cell>
    <Cell><Data ss:Type="String">Desenvolvimento Backend</Data></Cell>
    <Cell><Data ss:Type="Number">3</Data></Cell>
   </Row>
   <Row ss:Index="32">
    <Cell ss:StyleID="s77"><Data ss:Type="DateTime">2025-09-21T00:00:00.000</Data></Cell>
   </Row>
   <Row>
    <Cell ss:StyleID="s77"><Data ss:Type="DateTime">2025-09-22T00:00:00.000</Data></Cell>
   </Row>
   <Row>
    <Cell ss:StyleID="s77"><Data ss:Type="DateTime">2025-09-23T00:00:00.000</Data></Cell>
   </Row>
   <Row>
    <Cell ss:StyleID="s77"><Data ss:Type="DateTime">2025-09-24T00:00:00.000</Data></Cell>
   </Row>
   <Row>
    <Cell ss:StyleID="s77"><Data ss:Type="DateTime">2025-09-25T00:00:00.000</Data></Cell>
   </Row>
   <Row>
    <Cell ss:StyleID="s77"><Data ss:Type="DateTime">2025-09-26T00:00:00.000</Data></Cell>
   </Row>
   <Row>
    <Cell ss:StyleID="s77"><Data ss:Type="DateTime">2025-09-27T00:00:00.000</Data></Cell>
   </Row>
   <Row>
    <Cell ss:StyleID="s77"><Data ss:Type="DateTime">2025-09-28T00:00:00.000</Data></Cell>
   </Row>
   <Row>
    <Cell ss:StyleID="s77"><Data ss:Type="DateTime">2025-09-29T00:00:00.000</Data></Cell>
   </Row>
   <Row>
    <Cell ss:StyleID="s77"><Data ss:Type="DateTime">2025-09-30T00:00:00.000</Data></Cell>
   </Row>
   <Row>
    <Cell ss:StyleID="s77"><Data ss:Type="DateTime">2025-10-01T00:00:00.000</Data></Cell>
   </Row>
   <Row>
    <Cell ss:StyleID="s77"><Data ss:Type="DateTime">2025-10-02T00:00:00.000</Data></Cell>
   </Row>
   <Row>
    <Cell ss:StyleID="s77"><Data ss:Type="DateTime">2025-10-03T00:00:00.000</Data></Cell>
   </Row>
   <Row>
    <Cell ss:StyleID="s77"><Data ss:Type="DateTime">2025-10-04T00:00:00.000</Data></Cell>
   </Row>
   <Row>
    <Cell ss:StyleID="s77"><Data ss:Type="DateTime">2025-10-05T00:00:00.000</Data></Cell>
   </Row>
   <Row>
    <Cell ss:StyleID="s77"><Data ss:Type="DateTime">2025-10-06T00:00:00.000</Data></Cell>
   </Row>
   <Row>
    <Cell ss:StyleID="s77"><Data ss:Type="DateTime">2025-10-07T00:00:00.000</Data></Cell>
   </Row>
   <Row>
    <Cell ss:StyleID="s77"><Data ss:Type="DateTime">2025-10-08T00:00:00.000</Data></Cell>
   </Row>
   <Row>
    <Cell ss:StyleID="s77"><Data ss:Type="DateTime">2025-10-09T00:00:00.000</Data></Cell>
   </Row>
   <Row>
    <Cell ss:StyleID="s77"><Data ss:Type="DateTime">2025-10-10T00:00:00.000</Data></Cell>
   </Row>
   <Row>
    <Cell ss:StyleID="s77"><Data ss:Type="DateTime">2025-10-11T00:00:00.000</Data></Cell>
   </Row>
   <Row>
    <Cell ss:StyleID="s77"><Data ss:Type="DateTime">2025-10-12T00:00:00.000</Data></Cell>
   </Row>
   <Row>
    <Cell ss:StyleID="s77"><Data ss:Type="DateTime">2025-10-13T00:00:00.000</Data></Cell>
   </Row>
   <Row>
    <Cell ss:StyleID="s77"><Data ss:Type="DateTime">2025-10-14T00:00:00.000</Data></Cell>
   </Row>
   <Row>
    <Cell ss:StyleID="s77"><Data ss:Type="DateTime">2025-10-15T00:00:00.000</Data></Cell>
   </Row>
   <Row>
    <Cell ss:StyleID="s77"><Data ss:Type="DateTime">2025-10-16T00:00:00.000</Data></Cell>
   </Row>
   <Row>
    <Cell ss:StyleID="s77"><Data ss:Type="DateTime">2025-10-17T00:00:00.000</Data></Cell>
   </Row>
   <Row>
    <Cell ss:StyleID="s77"><Data ss:Type="DateTime">2025-10-18T00:00:00.000</Data></Cell>
   </Row>
   <Row>
    <Cell ss:StyleID="s77"><Data ss:Type="DateTime">2025-10-19T00:00:00.000</Data></Cell>
   </Row>
   <Row>
    <Cell ss:StyleID="s77"><Data ss:Type="DateTime">2025-10-20T00:00:00.000</Data></Cell>
   </Row>
   <Row>
    <Cell ss:StyleID="s77"><Data ss:Type="DateTime">2025-10-21T00:00:00.000</Data></Cell>
   </Row>
   <Row>
    <Cell ss:StyleID="s77"><Data ss:Type="DateTime">2025-10-22T00:00:00.000</Data></Cell>
   </Row>
   <Row>
    <Cell ss:StyleID="s77"><Data ss:Type="DateTime">2025-10-23T00:00:00.000</Data></Cell>
   </Row>
   <Row>
    <Cell ss:StyleID="s77"><Data ss:Type="DateTime">2025-10-24T00:00:00.000</Data></Cell>
   </Row>
   <Row>
    <Cell ss:StyleID="s77"><Data ss:Type="DateTime">2025-10-25T00:00:00.000</Data></Cell>
   </Row>
   <Row>
    <Cell ss:StyleID="s77"><Data ss:Type="DateTime">2025-10-26T00:00:00.000</Data></Cell>
   </Row>
   <Row>
    <Cell ss:StyleID="s77"><Data ss:Type="DateTime">2025-10-27T00:00:00.000</Data></Cell>
   </Row>
   <Row>
    <Cell ss:StyleID="s77"><Data ss:Type="DateTime">2025-10-28T00:00:00.000</Data></Cell>
   </Row>
   <Row>
    <Cell ss:StyleID="s77"><Data ss:Type="DateTime">2025-10-29T00:00:00.000</Data></Cell>
   </Row>
   <Row>
    <Cell ss:StyleID="s77"><Data ss:Type="DateTime">2025-10-30T00:00:00.000</Data></Cell>
   </Row>
   <Row>
    <Cell ss:StyleID="s77"><Data ss:Type="DateTime">2025-10-31T00:00:00.000</Data></Cell>
   </Row>
   <Row>
    <Cell ss:StyleID="s77"><Data ss:Type="DateTime">2025-11-01T00:00:00.000</Data></Cell>
   </Row>
   <Row>
    <Cell ss:StyleID="s77"><Data ss:Type="DateTime">2025-11-02T00:00:00.000</Data></Cell>
   </Row>
   <Row>
    <Cell ss:StyleID="s77"><Data ss:Type="DateTime">2025-11-03T00:00:00.000</Data></Cell>
   </Row>
   <Row>
    <Cell ss:StyleID="s77"><Data ss:Type="DateTime">2025-11-04T00:00:00.000</Data></Cell>
   </Row>
   <Row>
    <Cell ss:StyleID="s77"><Data ss:Type="DateTime">2025-11-05T00:00:00.000</Data></Cell>
   </Row>
   <Row>
    <Cell ss:StyleID="s77"><Data ss:Type="DateTime">2025-11-06T00:00:00.000</Data></Cell>
   </Row>
   <Row>
    <Cell ss:StyleID="s77"><Data ss:Type="DateTime">2025-11-07T00:00:00.000</Data></Cell>
   </Row>
   <Row>
    <Cell ss:StyleID="s77"><Data ss:Type="DateTime">2025-11-08T00:00:00.000</Data></Cell>
   </Row>
   <Row>
    <Cell ss:StyleID="s77"><Data ss:Type="DateTime">2025-11-09T00:00:00.000</Data></Cell>
   </Row>
   <Row>
    <Cell ss:StyleID="s77"><Data ss:Type="DateTime">2025-11-10T00:00:00.000</Data></Cell>
   </Row>
   <Row>
    <Cell ss:StyleID="s77"><Data ss:Type="DateTime">2025-11-11T00:00:00.000</Data></Cell>
   </Row>
   <Row>
    <Cell ss:StyleID="s77"><Data ss:Type="DateTime">2025-11-12T00:00:00.000</Data></Cell>
   </Row>
   <Row>
    <Cell ss:StyleID="s77"><Data ss:Type="DateTime">2025-11-13T00:00:00.000</Data></Cell>
   </Row>
   <Row>
    <Cell ss:StyleID="s77"><Data ss:Type="DateTime">2025-11-14T00:00:00.000</Data></Cell>
   </Row>
  </Table>
  <WorksheetOptions xmlns="urn:schemas-microsoft-com:office:excel">
   <PageSetup>
    <Header x:Margin="0.31496062000000002"/>
    <Footer x:Margin="0.31496062000000002"/>
    <PageMargins x:Bottom="0.78740157499999996" x:Left="0.511811024"
     x:Right="0.511811024" x:Top="0.78740157499999996"/>
   </PageSetup>
   <Selected/>
   <Panes>
    <Pane>
     <Number>3</Number>
     <ActiveRow>6</ActiveRow>
     <ActiveCol>7</ActiveCol>
    </Pane>
   </Panes>
   <ProtectObjects>False</ProtectObjects>
   <ProtectScenarios>False</ProtectScenarios>
  </WorksheetOptions>
 </Worksheet>
</Workbook>
